,title,href,company,compensation1,compensation2,money_type,source
0,Программист С++/Qt,https://sergievposad.hh.ru/vacancy/31273030?query=%D0%BF%D1%80%D0%BE%D0%B3%D1%80%D0%B0%D0%BC%D0%BC%D0%B8%D1%81%D1%82, Cappasity Inc.,80000,,руб,hh.ru
1,Программист JS (WebVR/WebAR),https://sergievposad.hh.ru/vacancy/32117045?query=%D0%BF%D1%80%D0%BE%D0%B3%D1%80%D0%B0%D0%BC%D0%BC%D0%B8%D1%81%D1%82, Cappasity Inc.,100000,,руб,hh.ru
2,Frontend-разработчик,https://sergievposad.hh.ru/vacancy/33850021?query=%D0%BF%D1%80%D0%BE%D0%B3%D1%80%D0%B0%D0%BC%D0%BC%D0%B8%D1%81%D1%82, Zoon.ru,,,,hh.ru
3,Full Stack Web разработчик,https://sergievposad.hh.ru/vacancy/33851349?query=%D0%BF%D1%80%D0%BE%D0%B3%D1%80%D0%B0%D0%BC%D0%BC%D0%B8%D1%81%D1%82, Just Food,,,,hh.ru
4,Программист С++ (графика),https://sergievposad.hh.ru/vacancy/32543357?query=%D0%BF%D1%80%D0%BE%D0%B3%D1%80%D0%B0%D0%BC%D0%BC%D0%B8%D1%81%D1%82, Cappasity Inc.,80000,,руб,hh.ru
5,Программист iOS (Swift),https://sergievposad.hh.ru/vacancy/31399856?query=%D0%BF%D1%80%D0%BE%D0%B3%D1%80%D0%B0%D0%BC%D0%BC%D0%B8%D1%81%D1%82, Cappasity Inc.,80000,,руб,hh.ru
6,Программист Javascript (Node.js),https://sergievposad.hh.ru/vacancy/31273029?query=%D0%BF%D1%80%D0%BE%D0%B3%D1%80%D0%B0%D0%BC%D0%BC%D0%B8%D1%81%D1%82, Cappasity Inc.,120000,,руб,hh.ru
7,"Программист SQL, Visual Basic",https://sergievposad.hh.ru/vacancy/34266591?query=%D0%BF%D1%80%D0%BE%D0%B3%D1%80%D0%B0%D0%BC%D0%BC%D0%B8%D1%81%D1%82, Zara,,,,hh.ru
8,Fullstack Django React разработчик,https://sergievposad.hh.ru/vacancy/34251691?query=%D0%BF%D1%80%D0%BE%D0%B3%D1%80%D0%B0%D0%BC%D0%BC%D0%B8%D1%81%D1%82,ООО Сольвейг,120000,180000,руб,hh.ru
9,Программист Android,https://sergievposad.hh.ru/vacancy/32379471?query=%D0%BF%D1%80%D0%BE%D0%B3%D1%80%D0%B0%D0%BC%D0%BC%D0%B8%D1%81%D1%82, Cappasity Inc.,100000,,руб,hh.ru
10,Разработчик приложений (С#),https://sergievposad.hh.ru/vacancy/34263361?query=%D0%BF%D1%80%D0%BE%D0%B3%D1%80%D0%B0%D0%BC%D0%BC%D0%B8%D1%81%D1%82,ООО Робин,,,,hh.ru
11,Java разработчик,https://sergievposad.hh.ru/vacancy/32959066?query=%D0%BF%D1%80%D0%BE%D0%B3%D1%80%D0%B0%D0%BC%D0%BC%D0%B8%D1%81%D1%82, Сбербанк для экспертов,,,,hh.ru
12,Android Developer,https://sergievposad.hh.ru/vacancy/34249095?query=%D0%BF%D1%80%D0%BE%D0%B3%D1%80%D0%B0%D0%BC%D0%BC%D0%B8%D1%81%D1%82, Агент Плюс,120000,,руб,hh.ru
13,Программист,https://sergievposad.hh.ru/vacancy/34050005?query=%D0%BF%D1%80%D0%BE%D0%B3%D1%80%D0%B0%D0%BC%D0%BC%D0%B8%D1%81%D1%82,ООО Эксид Консалтинг,150000,,руб,hh.ru
14,Программист С#,https://sergievposad.hh.ru/vacancy/33109074?query=%D0%BF%D1%80%D0%BE%D0%B3%D1%80%D0%B0%D0%BC%D0%BC%D0%B8%D1%81%D1%82,ООО Радиолайн,120000,150000,руб,hh.ru
15,Программист-стажер,https://sergievposad.hh.ru/vacancy/33782794?query=%D0%BF%D1%80%D0%BE%D0%B3%D1%80%D0%B0%D0%BC%D0%BC%D0%B8%D1%81%D1%82, ALEXROVICH.RU,52000,,руб,hh.ru
16,Программист в Германию,https://sergievposad.hh.ru/vacancy/34239365?query=%D0%BF%D1%80%D0%BE%D0%B3%D1%80%D0%B0%D0%BC%D0%BC%D0%B8%D1%81%D1%82,ООО КА Семья успеха,2800,5000,eur,hh.ru
17,Программист,https://sergievposad.hh.ru/vacancy/33795867?query=%D0%BF%D1%80%D0%BE%D0%B3%D1%80%D0%B0%D0%BC%D0%BC%D0%B8%D1%81%D1%82,ЗАО МИРРА - М,60000,80000,руб,hh.ru
18,Прикладной программист (Front-end программист),https://sergievposad.hh.ru/vacancy/33973777?query=%D0%BF%D1%80%D0%BE%D0%B3%D1%80%D0%B0%D0%BC%D0%BC%D0%B8%D1%81%D1%82, AERODISK,100000,150000,руб,hh.ru
19,Программист 1C 8.3,https://sergievposad.hh.ru/vacancy/33795207?query=%D0%BF%D1%80%D0%BE%D0%B3%D1%80%D0%B0%D0%BC%D0%BC%D0%B8%D1%81%D1%82, Алмаз-Антей управленческое консультирование,70000,160000,руб,hh.ru
20,Программист 1C,https://sergievposad.hh.ru/vacancy/33878225?query=%D0%BF%D1%80%D0%BE%D0%B3%D1%80%D0%B0%D0%BC%D0%BC%D0%B8%D1%81%D1%82," Акушерство.ru, Компания",150000,200000,руб,hh.ru
21,Программист-разработчик,https://sergievposad.hh.ru/vacancy/34067997?query=%D0%BF%D1%80%D0%BE%D0%B3%D1%80%D0%B0%D0%BC%D0%BC%D0%B8%D1%81%D1%82, Центр Митоинженерии МГУ им.М.В.Ломоносова,,140000,руб,hh.ru
22,PHP Программист (Стажёр),https://sergievposad.hh.ru/vacancy/33360495?query=%D0%BF%D1%80%D0%BE%D0%B3%D1%80%D0%B0%D0%BC%D0%BC%D0%B8%D1%81%D1%82, QSOFT,,,,hh.ru
23,Web-программист,https://sergievposad.hh.ru/vacancy/34050191?query=%D0%BF%D1%80%D0%BE%D0%B3%D1%80%D0%B0%D0%BC%D0%BC%D0%B8%D1%81%D1%82,"ЗАО Станкоинформзащита, НТЦ",80000,150000,руб,hh.ru
24,Младший программист 1С,https://sergievposad.hh.ru/vacancy/33885921?query=%D0%BF%D1%80%D0%BE%D0%B3%D1%80%D0%B0%D0%BC%D0%BC%D0%B8%D1%81%D1%82,ООО Инокспоинт Групп,80000,110000,руб,hh.ru
25,Программист Делфи,https://sergievposad.hh.ru/vacancy/34135305?query=%D0%BF%D1%80%D0%BE%D0%B3%D1%80%D0%B0%D0%BC%D0%BC%D0%B8%D1%81%D1%82,"ЗАО Болид, НВП",90000,120000,руб,hh.ru
26,Программист-стажер,https://sergievposad.hh.ru/vacancy/31533142?query=%D0%BF%D1%80%D0%BE%D0%B3%D1%80%D0%B0%D0%BC%D0%BC%D0%B8%D1%81%D1%82, Авиком Бизнес Технологии,,,,hh.ru
27,Программист C++/Qt,https://sergievposad.hh.ru/vacancy/33886708?query=%D0%BF%D1%80%D0%BE%D0%B3%D1%80%D0%B0%D0%BC%D0%BC%D0%B8%D1%81%D1%82," ЭВРИКА, Санкт-Петербург",90000,,руб,hh.ru
28,Программист 1C,https://sergievposad.hh.ru/vacancy/34045302?query=%D0%BF%D1%80%D0%BE%D0%B3%D1%80%D0%B0%D0%BC%D0%BC%D0%B8%D1%81%D1%82,ООО ТОРГОВЫЙ ДОМ КЕРАМИКИ,160000,,руб,hh.ru
29,Программист С + +,https://sergievposad.hh.ru/vacancy/34039693?query=%D0%BF%D1%80%D0%BE%D0%B3%D1%80%D0%B0%D0%BC%D0%BC%D0%B8%D1%81%D1%82,ООО Группа Компаний СПЕЦПРОДУКТ,75000,,руб,hh.ru
30,HTML-верстальщик / Front-end разработчик,https://sergievposad.hh.ru/vacancy/33889894?query=%D0%BF%D1%80%D0%BE%D0%B3%D1%80%D0%B0%D0%BC%D0%BC%D0%B8%D1%81%D1%82,"ООО Vide Infra Group, г. Москва",80000,,руб,hh.ru
31,Веб-разработчик / Web developer,https://sergievposad.hh.ru/vacancy/34073415?query=%D0%BF%D1%80%D0%BE%D0%B3%D1%80%D0%B0%D0%BC%D0%BC%D0%B8%D1%81%D1%82, FUSION CORE,120000,180000,руб,hh.ru
32,Программист-разработчик Microsoft DAX,https://sergievposad.hh.ru/vacancy/34237868?query=%D0%BF%D1%80%D0%BE%D0%B3%D1%80%D0%B0%D0%BC%D0%BC%D0%B8%D1%81%D1%82,ООО Гарез и партнеры,200000,,руб,hh.ru
33,Программист Python (backend),https://sergievposad.hh.ru/vacancy/34247053?query=%D0%BF%D1%80%D0%BE%D0%B3%D1%80%D0%B0%D0%BC%D0%BC%D0%B8%D1%81%D1%82,ООО Дефенс Групп,130000,,руб,hh.ru
34,.NET Core разработчик (senior),https://sergievposad.hh.ru/vacancy/33888515?query=%D0%BF%D1%80%D0%BE%D0%B3%D1%80%D0%B0%D0%BC%D0%BC%D0%B8%D1%81%D1%82,ООО Артхаус софт,160000,250000,руб,hh.ru
35,Веб программист,https://sergievposad.hh.ru/vacancy/34075226?query=%D0%BF%D1%80%D0%BE%D0%B3%D1%80%D0%B0%D0%BC%D0%BC%D0%B8%D1%81%D1%82, ИнтернетСофт,80000,150000,руб,hh.ru
36,Программист Python,https://sergievposad.hh.ru/vacancy/34247032?query=%D0%BF%D1%80%D0%BE%D0%B3%D1%80%D0%B0%D0%BC%D0%BC%D0%B8%D1%81%D1%82,ООО Дефенс Групп,100000,150000,руб,hh.ru
37,"Back-end программист (yii2, API)",https://sergievposad.hh.ru/vacancy/34287657?query=%D0%BF%D1%80%D0%BE%D0%B3%D1%80%D0%B0%D0%BC%D0%BC%D0%B8%D1%81%D1%82, IM-business,50000,70000,руб,hh.ru
38,Программист 1 С,https://sergievposad.hh.ru/vacancy/33814598?query=%D0%BF%D1%80%D0%BE%D0%B3%D1%80%D0%B0%D0%BC%D0%BC%D0%B8%D1%81%D1%82, Энергосистемы и Технологии,120000,140000,руб,hh.ru
39,Программист C# .Net WPF Desktop,https://sergievposad.hh.ru/vacancy/33985052?query=%D0%BF%D1%80%D0%BE%D0%B3%D1%80%D0%B0%D0%BC%D0%BC%D0%B8%D1%81%D1%82,ООО Аксель Телеметрия,120000,,руб,hh.ru
40,Инженер-программист ( front-end developer ) junior/middle,https://sergievposad.hh.ru/vacancy/32697772?query=%D0%BF%D1%80%D0%BE%D0%B3%D1%80%D0%B0%D0%BC%D0%BC%D0%B8%D1%81%D1%82, Институт прикладных экономических исследований РАНХиГС при Президенте Российской Федерации,100000,140000,руб,hh.ru
41,PHP-программист,https://sergievposad.hh.ru/vacancy/33784606?query=%D0%BF%D1%80%D0%BE%D0%B3%D1%80%D0%B0%D0%BC%D0%BC%D0%B8%D1%81%D1%82,ООО Кредитные Системы,80000,150000,руб,hh.ru
42,.NET C# Разработчик / .NET C# Developer Norway,https://sergievposad.hh.ru/vacancy/33940776?query=%D0%BF%D1%80%D0%BE%D0%B3%D1%80%D0%B0%D0%BC%D0%BC%D0%B8%D1%81%D1%82,ООО PaleBlue,200000,300000,руб,hh.ru
43,Web-разработчик full stack,https://sergievposad.hh.ru/vacancy/33791667?query=%D0%BF%D1%80%D0%BE%D0%B3%D1%80%D0%B0%D0%BC%D0%BC%D0%B8%D1%81%D1%82,АО АСТ,150000,200000,руб,hh.ru
44,Front-end разработчик,https://sergievposad.hh.ru/vacancy/34050274?query=%D0%BF%D1%80%D0%BE%D0%B3%D1%80%D0%B0%D0%BC%D0%BC%D0%B8%D1%81%D1%82, Лавтек,100000,,руб,hh.ru
45,Программист 1C MS SQL,https://sergievposad.hh.ru/vacancy/34039007?query=%D0%BF%D1%80%D0%BE%D0%B3%D1%80%D0%B0%D0%BC%D0%BC%D0%B8%D1%81%D1%82,ООО Равенол Руссланд,100000,,руб,hh.ru
46,Full-stack JS разработчик,https://sergievposad.hh.ru/vacancy/33785976?query=%D0%BF%D1%80%D0%BE%D0%B3%D1%80%D0%B0%D0%BC%D0%BC%D0%B8%D1%81%D1%82,ООО Спейспуш,150000,200000,руб,hh.ru
47,Программист С++ Senior,https://sergievposad.hh.ru/vacancy/33581894?query=%D0%BF%D1%80%D0%BE%D0%B3%D1%80%D0%B0%D0%BC%D0%BC%D0%B8%D1%81%D1%82,ООО Айти Прайм,,500000,руб,hh.ru
48,Senior iOS Developer (Swift),https://sergievposad.hh.ru/vacancy/33980664?query=%D0%BF%D1%80%D0%BE%D0%B3%D1%80%D0%B0%D0%BC%D0%BC%D0%B8%D1%81%D1%82,ООО СофтПро,300000,,руб,hh.ru
49,Junior javascript программист (frontend),https://sergievposad.hh.ru/vacancy/34042260?query=%D0%BF%D1%80%D0%BE%D0%B3%D1%80%D0%B0%D0%BC%D0%BC%D0%B8%D1%81%D1%82,ООО Авентика,50000,70000,руб,hh.ru
50,Программист 1С,https://sergievposad.hh.ru/vacancy/33882381?query=%D0%BF%D1%80%D0%BE%D0%B3%D1%80%D0%B0%D0%BC%D0%BC%D0%B8%D1%81%D1%82,ООО АЙТИ ПАРТНЕР,,160000,руб,hh.ru
51,Инженер-программист АСУ ТП,https://sergievposad.hh.ru/vacancy/33786003?query=%D0%BF%D1%80%D0%BE%D0%B3%D1%80%D0%B0%D0%BC%D0%BC%D0%B8%D1%81%D1%82,ООО ПАГ,65000,110000,руб,hh.ru
52,Senior/Middle Front-end разработчик,https://sergievposad.hh.ru/vacancy/33787664?query=%D0%BF%D1%80%D0%BE%D0%B3%D1%80%D0%B0%D0%BC%D0%BC%D0%B8%D1%81%D1%82,ООО БОЛЬШАЯ ТРОЙКА,130000,250000,руб,hh.ru
53,Front-end разработчик,https://sergievposad.hh.ru/vacancy/33922908?query=%D0%BF%D1%80%D0%BE%D0%B3%D1%80%D0%B0%D0%BC%D0%BC%D0%B8%D1%81%D1%82, Just Food,120000,180000,руб,hh.ru
54,Программист в Германию,https://sergievposad.hh.ru/vacancy/33812932?query=%D0%BF%D1%80%D0%BE%D0%B3%D1%80%D0%B0%D0%BC%D0%BC%D0%B8%D1%81%D1%82,ИП Сметанин Владимир Анатольевич,2800,3800,eur,hh.ru
55,Программист 1С,https://sergievposad.hh.ru/vacancy/34028424?query=%D0%BF%D1%80%D0%BE%D0%B3%D1%80%D0%B0%D0%BC%D0%BC%D0%B8%D1%81%D1%82," Finex International, Inc.",120000,180000,руб,hh.ru
56,Back-end разработчик,https://sergievposad.hh.ru/vacancy/34050320?query=%D0%BF%D1%80%D0%BE%D0%B3%D1%80%D0%B0%D0%BC%D0%BC%D0%B8%D1%81%D1%82, Лавтек,150000,,руб,hh.ru
57,Программист С++,https://sergievposad.hh.ru/vacancy/33988201?query=%D0%BF%D1%80%D0%BE%D0%B3%D1%80%D0%B0%D0%BC%D0%BC%D0%B8%D1%81%D1%82, Paradigm Geophysical,,,,hh.ru
58,"Fullstack программист (JavaScript, PostgreSQL)",https://sergievposad.hh.ru/vacancy/34243731?query=%D0%BF%D1%80%D0%BE%D0%B3%D1%80%D0%B0%D0%BC%D0%BC%D0%B8%D1%81%D1%82, ПроНетКом,160000,,руб,hh.ru
59,Инженер-программист АСУ ТП,https://sergievposad.hh.ru/vacancy/34239437?query=%D0%BF%D1%80%D0%BE%D0%B3%D1%80%D0%B0%D0%BC%D0%BC%D0%B8%D1%81%D1%82,ООО НПФ Мехатроникс,80000,,руб,hh.ru
60,Java разработчик / программист (developer),https://sergievposad.hh.ru/vacancy/33785635?query=%D0%BF%D1%80%D0%BE%D0%B3%D1%80%D0%B0%D0%BC%D0%BC%D0%B8%D1%81%D1%82,ООО FundCount,,200000,руб,hh.ru
61,Программист-разработчик,https://sergievposad.hh.ru/vacancy/34046096?query=%D0%BF%D1%80%D0%BE%D0%B3%D1%80%D0%B0%D0%BC%D0%BC%D0%B8%D1%81%D1%82, ФГАУ Российский фонд технологического развития,,,,hh.ru
62,"Программист Qt, C++",https://sergievposad.hh.ru/vacancy/34149249?query=%D0%BF%D1%80%D0%BE%D0%B3%D1%80%D0%B0%D0%BC%D0%BC%D0%B8%D1%81%D1%82, ИнтернетСофт,80000,150000,руб,hh.ru
63,Веб-разработчик / WEB-программист (Создание сайтов),https://sergievposad.hh.ru/vacancy/34239402?query=%D0%BF%D1%80%D0%BE%D0%B3%D1%80%D0%B0%D0%BC%D0%BC%D0%B8%D1%81%D1%82, Креарт,40000,70000,руб,hh.ru
64,Backend Developer (Symfony 4),https://sergievposad.hh.ru/vacancy/33970529?query=%D0%BF%D1%80%D0%BE%D0%B3%D1%80%D0%B0%D0%BC%D0%BC%D0%B8%D1%81%D1%82, СуперЦРМ,120000,170000,руб,hh.ru
65,Инженер-программист,https://sergievposad.hh.ru/vacancy/34175935?query=%D0%BF%D1%80%D0%BE%D0%B3%D1%80%D0%B0%D0%BC%D0%BC%D0%B8%D1%81%D1%82,ООО Инжиниринговая Компания Видеоаналитика,80000,150000,руб,hh.ru
66,"Ведущий разработчик/разработчик C++/Qt (GUI Team, VMS)",https://sergievposad.hh.ru/vacancy/28163901?query=%D0%BF%D1%80%D0%BE%D0%B3%D1%80%D0%B0%D0%BC%D0%BC%D0%B8%D1%81%D1%82, NetworkOptix,4000,,usd,hh.ru
67,Программист / Консультант 1С,https://sergievposad.hh.ru/vacancy/33609257?query=%D0%BF%D1%80%D0%BE%D0%B3%D1%80%D0%B0%D0%BC%D0%BC%D0%B8%D1%81%D1%82," Созидание и Развитие, Аудиторско-консалтинговая группа",90000,110000,руб,hh.ru
68,Программист 1С,https://sergievposad.hh.ru/vacancy/33980594?query=%D0%BF%D1%80%D0%BE%D0%B3%D1%80%D0%B0%D0%BC%D0%BC%D0%B8%D1%81%D1%82,ООО ЦОМ МОСТ-1,150000,200000,руб,hh.ru
69,Junior программист C#,https://sergievposad.hh.ru/vacancy/34032063?query=%D0%BF%D1%80%D0%BE%D0%B3%D1%80%D0%B0%D0%BC%D0%BC%D0%B8%D1%81%D1%82, НЕОЛАНТ,,50000,руб,hh.ru
70,Стажёр-программист JavaScript,https://sergievposad.hh.ru/vacancy/34103911?query=%D0%BF%D1%80%D0%BE%D0%B3%D1%80%D0%B0%D0%BC%D0%BC%D0%B8%D1%81%D1%82, Zecurion,25000,40000,руб,hh.ru
71,Программист PHP,https://sergievposad.hh.ru/vacancy/33982017?query=%D0%BF%D1%80%D0%BE%D0%B3%D1%80%D0%B0%D0%BC%D0%BC%D0%B8%D1%81%D1%82, Легис безопасность,100000,120000,руб,hh.ru
72,Программист C#/ .NET,https://sergievposad.hh.ru/vacancy/25827004?query=%D0%BF%D1%80%D0%BE%D0%B3%D1%80%D0%B0%D0%BC%D0%BC%D0%B8%D1%81%D1%82,ООО Syntellect (Синтеллект),80000,150000,руб,hh.ru
73,Swift разработчик,https://sergievposad.hh.ru/vacancy/31290559?query=%D0%BF%D1%80%D0%BE%D0%B3%D1%80%D0%B0%D0%BC%D0%BC%D0%B8%D1%81%D1%82,АО Мегаполис,120000,200000,руб,hh.ru
74,Программист-разработчик,https://sergievposad.hh.ru/vacancy/33989232?query=%D0%BF%D1%80%D0%BE%D0%B3%D1%80%D0%B0%D0%BC%D0%BC%D0%B8%D1%81%D1%82, DIS Group,,,,hh.ru
75,Ведущий разработчик T-SQL,https://sergievposad.hh.ru/vacancy/33423344?query=%D0%BF%D1%80%D0%BE%D0%B3%D1%80%D0%B0%D0%BC%D0%BC%D0%B8%D1%81%D1%82,ООО Глобал Консалтинг Групп,120000,150000,руб,hh.ru
76,Аналитик-программист,https://sergievposad.hh.ru/vacancy/34046420?query=%D0%BF%D1%80%D0%BE%D0%B3%D1%80%D0%B0%D0%BC%D0%BC%D0%B8%D1%81%D1%82, ФГАУ Российский фонд технологического развития,70000,70000,руб,hh.ru
77,Программист 1С,https://sergievposad.hh.ru/vacancy/34140367?query=%D0%BF%D1%80%D0%BE%D0%B3%D1%80%D0%B0%D0%BC%D0%BC%D0%B8%D1%81%D1%82,ООО Дортрансстрой,100000,150000,руб,hh.ru
78,Программист С++,https://sergievposad.hh.ru/vacancy/33466290?query=%D0%BF%D1%80%D0%BE%D0%B3%D1%80%D0%B0%D0%BC%D0%BC%D0%B8%D1%81%D1%82, Агентство КИТ Консалт,,100000,руб,hh.ru
79,Программист Python,https://sergievposad.hh.ru/vacancy/33887758?query=%D0%BF%D1%80%D0%BE%D0%B3%D1%80%D0%B0%D0%BC%D0%BC%D0%B8%D1%81%D1%82," ЭВРИКА, Санкт-Петербург",80000,150000,руб,hh.ru
80,Программист SQL (разработчик отчетов),https://sergievposad.hh.ru/vacancy/34072064?query=%D0%BF%D1%80%D0%BE%D0%B3%D1%80%D0%B0%D0%BC%D0%BC%D0%B8%D1%81%D1%82,ООО Смарт Дельта Системс,70000,100000,руб,hh.ru
81,.NET Developer,https://sergievposad.hh.ru/vacancy/34062376?query=%D0%BF%D1%80%D0%BE%D0%B3%D1%80%D0%B0%D0%BC%D0%BC%D0%B8%D1%81%D1%82, Quipu GmbH,130000,,руб,hh.ru
82,Программист 1C8.3,https://sergievposad.hh.ru/vacancy/33329473?query=%D0%BF%D1%80%D0%BE%D0%B3%D1%80%D0%B0%D0%BC%D0%BC%D0%B8%D1%81%D1%82, Аренда Авто,,,,hh.ru
83,Программист 1C,https://sergievposad.hh.ru/vacancy/34032304?query=%D0%BF%D1%80%D0%BE%D0%B3%D1%80%D0%B0%D0%BC%D0%BC%D0%B8%D1%81%D1%82,ООО Николь,,200000,руб,hh.ru
84,Программист 1С,https://sergievposad.hh.ru/vacancy/33783573?query=%D0%BF%D1%80%D0%BE%D0%B3%D1%80%D0%B0%D0%BC%D0%BC%D0%B8%D1%81%D1%82,ООО ОБЩЕСТРОЙСТАНДАРТ,130000,150000,руб,hh.ru
85,Разработчик-аналитик BI (SSRS),https://sergievposad.hh.ru/vacancy/34046121?query=%D0%BF%D1%80%D0%BE%D0%B3%D1%80%D0%B0%D0%BC%D0%BC%D0%B8%D1%81%D1%82, ФГАУ Российский фонд технологического развития,160000,,руб,hh.ru
86,Программист встраиваемых систем,https://sergievposad.hh.ru/vacancy/33849970?query=%D0%BF%D1%80%D0%BE%D0%B3%D1%80%D0%B0%D0%BC%D0%BC%D0%B8%D1%81%D1%82,ООО АНТ-Эксперт,170000,,руб,hh.ru
87,Программист-стажёр 1С-Битрикс,https://sergievposad.hh.ru/vacancy/34239797?query=%D0%BF%D1%80%D0%BE%D0%B3%D1%80%D0%B0%D0%BC%D0%BC%D0%B8%D1%81%D1%82, Маркетинговое агентство «Victorious»,30000,60000,руб,hh.ru
88,Бэкенд-разработчик (Ruby on Rails),https://sergievposad.hh.ru/vacancy/31712815?query=%D0%BF%D1%80%D0%BE%D0%B3%D1%80%D0%B0%D0%BC%D0%BC%D0%B8%D1%81%D1%82, FunBox,120000,,руб,hh.ru
89,Программист 1С,https://sergievposad.hh.ru/vacancy/34237134?query=%D0%BF%D1%80%D0%BE%D0%B3%D1%80%D0%B0%D0%BC%D0%BC%D0%B8%D1%81%D1%82, Торговая Компания ЛаВИНА.,120000,,руб,hh.ru
90,Программист 1C,https://sergievposad.hh.ru/vacancy/34279474?query=%D0%BF%D1%80%D0%BE%D0%B3%D1%80%D0%B0%D0%BC%D0%BC%D0%B8%D1%81%D1%82,ОАО Свобода,120000,120000,руб,hh.ru
91,Программист (classic asp),https://sergievposad.hh.ru/vacancy/33867446?query=%D0%BF%D1%80%D0%BE%D0%B3%D1%80%D0%B0%D0%BC%D0%BC%D0%B8%D1%81%D1%82, JCat.ru,,70000,руб,hh.ru
92,Программист (classic asp),https://sergievposad.hh.ru/vacancy/33867453?query=%D0%BF%D1%80%D0%BE%D0%B3%D1%80%D0%B0%D0%BC%D0%BC%D0%B8%D1%81%D1%82, JCat.ru,,70000,руб,hh.ru
93,Программист C++ / Разработчик кластерных решений,https://sergievposad.hh.ru/vacancy/33936151?query=%D0%BF%D1%80%D0%BE%D0%B3%D1%80%D0%B0%D0%BC%D0%BC%D0%B8%D1%81%D1%82," Megaputer Intelligence, Компания",130000,,руб,hh.ru
94,Программист Junior / Middle Java Developer,https://sergievposad.hh.ru/vacancy/34238991?query=%D0%BF%D1%80%D0%BE%D0%B3%D1%80%D0%B0%D0%BC%D0%BC%D0%B8%D1%81%D1%82,ООО Центр Смис Базис,80000,,руб,hh.ru
95,Программист 1С,https://sergievposad.hh.ru/vacancy/34048741?query=%D0%BF%D1%80%D0%BE%D0%B3%D1%80%D0%B0%D0%BC%D0%BC%D0%B8%D1%81%D1%82, Leo Ventoni,120000,,руб,hh.ru
96,Разработчик ETL / автоматизатор,https://sergievposad.hh.ru/vacancy/34212978?query=%D0%BF%D1%80%D0%BE%D0%B3%D1%80%D0%B0%D0%BC%D0%BC%D0%B8%D1%81%D1%82, HFLabs,150000,195000,руб,hh.ru
97,Программист / Разработчик,https://sergievposad.hh.ru/vacancy/33666301?query=%D0%BF%D1%80%D0%BE%D0%B3%D1%80%D0%B0%D0%BC%D0%BC%D0%B8%D1%81%D1%82,ООО Содружество,,150000,руб,hh.ru
98,Web-программист / Web-разработчик / PHP-программист Junior,https://sergievposad.hh.ru/vacancy/33952217?query=%D0%BF%D1%80%D0%BE%D0%B3%D1%80%D0%B0%D0%BC%D0%BC%D0%B8%D1%81%D1%82,ООО РусВент МСК,50000,70000,руб,hh.ru
99,Инженер-разработчик (программист микроконтроллеров),https://sergievposad.hh.ru/vacancy/33924627?query=%D0%BF%D1%80%D0%BE%D0%B3%D1%80%D0%B0%D0%BC%D0%BC%D0%B8%D1%81%D1%82,ООО Парус электро,100000,,руб,hh.ru
100,Web-программист / веб-разработчик,https://sergievposad.hh.ru/vacancy/33990000?query=%D0%BF%D1%80%D0%BE%D0%B3%D1%80%D0%B0%D0%BC%D0%BC%D0%B8%D1%81%D1%82, D`studia,100000,,руб,hh.ru
101,Front-end разработчик,https://sergievposad.hh.ru/vacancy/34072431?query=%D0%BF%D1%80%D0%BE%D0%B3%D1%80%D0%B0%D0%BC%D0%BC%D0%B8%D1%81%D1%82, Hoodies,,,,hh.ru
102,IOS-разработчик / Swift,https://sergievposad.hh.ru/vacancy/31951694?query=%D0%BF%D1%80%D0%BE%D0%B3%D1%80%D0%B0%D0%BC%D0%BC%D0%B8%D1%81%D1%82,ООО Сеть финансовых магазинов КАССА,100000,120000,руб,hh.ru
103,Младший PHP-программист,https://sergievposad.hh.ru/vacancy/33988263?query=%D0%BF%D1%80%D0%BE%D0%B3%D1%80%D0%B0%D0%BC%D0%BC%D0%B8%D1%81%D1%82, Веб-интегратор Fusion,45000,,руб,hh.ru
104,Программист С++ / Machine Learning,https://sergievposad.hh.ru/vacancy/34043502?query=%D0%BF%D1%80%D0%BE%D0%B3%D1%80%D0%B0%D0%BC%D0%BC%D0%B8%D1%81%D1%82," Megaputer Intelligence, Компания",120000,,руб,hh.ru
105,Программист 1С,https://sergievposad.hh.ru/vacancy/34133226?query=%D0%BF%D1%80%D0%BE%D0%B3%D1%80%D0%B0%D0%BC%D0%BC%D0%B8%D1%81%D1%82,ООО ТД ТИНКО,120000,120000,руб,hh.ru
106,Программист Java,https://sergievposad.hh.ru/vacancy/34116536?query=%D0%BF%D1%80%D0%BE%D0%B3%D1%80%D0%B0%D0%BC%D0%BC%D0%B8%D1%81%D1%82,ООО Фактор-ТС,140000,,руб,hh.ru
107,Backend разработчик (Go/Golang),https://sergievposad.hh.ru/vacancy/33223757?query=%D0%BF%D1%80%D0%BE%D0%B3%D1%80%D0%B0%D0%BC%D0%BC%D0%B8%D1%81%D1%82, MillionAgents,150000,200000,руб,hh.ru
108,ГИС программист (back),https://sergievposad.hh.ru/vacancy/33897090?query=%D0%BF%D1%80%D0%BE%D0%B3%D1%80%D0%B0%D0%BC%D0%BC%D0%B8%D1%81%D1%82, РеИнформ Инт.,140000,,руб,hh.ru
109,Программист,https://sergievposad.hh.ru/vacancy/33949489?query=%D0%BF%D1%80%D0%BE%D0%B3%D1%80%D0%B0%D0%BC%D0%BC%D0%B8%D1%81%D1%82,ООО Аврора-ИТ,60000,,руб,hh.ru
110,PHP программист,https://sergievposad.hh.ru/vacancy/33948620?query=%D0%BF%D1%80%D0%BE%D0%B3%D1%80%D0%B0%D0%BC%D0%BC%D0%B8%D1%81%D1%82,ООО РАДУГА-ИНТЕРНЕТ,,150000,руб,hh.ru
111,Junior разработчик C++,https://sergievposad.hh.ru/vacancy/33581919?query=%D0%BF%D1%80%D0%BE%D0%B3%D1%80%D0%B0%D0%BC%D0%BC%D0%B8%D1%81%D1%82,ООО Айти Прайм,,,,hh.ru
112,Front-end разработчик,https://sergievposad.hh.ru/vacancy/34227050?query=%D0%BF%D1%80%D0%BE%D0%B3%D1%80%D0%B0%D0%BC%D0%BC%D0%B8%D1%81%D1%82, Инлайн,,,,hh.ru
113,Программист 1C,https://sergievposad.hh.ru/vacancy/33958561?query=%D0%BF%D1%80%D0%BE%D0%B3%D1%80%D0%B0%D0%BC%D0%BC%D0%B8%D1%81%D1%82, СОЛИНГ КОМПАНИ,70000,70000,руб,hh.ru
114,Fullstack web разработчик / Fullstack web developer,https://sergievposad.hh.ru/vacancy/34224758?query=%D0%BF%D1%80%D0%BE%D0%B3%D1%80%D0%B0%D0%BC%D0%BC%D0%B8%D1%81%D1%82,ООО ДОРОЖНАЯ СЕТЬ,150000,180000,руб,hh.ru
115,Ведущий веб-разработчик,https://sergievposad.hh.ru/vacancy/33978956?query=%D0%BF%D1%80%D0%BE%D0%B3%D1%80%D0%B0%D0%BC%D0%BC%D0%B8%D1%81%D1%82, Uniteller,200000,287500,руб,hh.ru
116,Программист PHP,https://sergievposad.hh.ru/vacancy/34043449?query=%D0%BF%D1%80%D0%BE%D0%B3%D1%80%D0%B0%D0%BC%D0%BC%D0%B8%D1%81%D1%82, Артик,100000,140000,руб,hh.ru
117,Senior Backend-разработчик (C#),https://sergievposad.hh.ru/vacancy/33362983?query=%D0%BF%D1%80%D0%BE%D0%B3%D1%80%D0%B0%D0%BC%D0%BC%D0%B8%D1%81%D1%82, НИЦ Soft,180000,220000,руб,hh.ru
118,Программист по доработке CRM,https://sergievposad.hh.ru/vacancy/34285469?query=%D0%BF%D1%80%D0%BE%D0%B3%D1%80%D0%B0%D0%BC%D0%BC%D0%B8%D1%81%D1%82,ООО Институт повышения квалификации специалистов,50000,100000,руб,hh.ru
119,Backend-разработчик (C#),https://sergievposad.hh.ru/vacancy/33362957?query=%D0%BF%D1%80%D0%BE%D0%B3%D1%80%D0%B0%D0%BC%D0%BC%D0%B8%D1%81%D1%82, НИЦ Soft,120000,180000,руб,hh.ru
120,Программист С++/Qt,https://sergievposad.hh.ru/vacancy/31982992?query=%D0%BF%D1%80%D0%BE%D0%B3%D1%80%D0%B0%D0%BC%D0%BC%D0%B8%D1%81%D1%82,"ЗАО Болид, НВП",,,,hh.ru
121,Программист С++,https://sergievposad.hh.ru/vacancy/34260245?query=%D0%BF%D1%80%D0%BE%D0%B3%D1%80%D0%B0%D0%BC%D0%BC%D0%B8%D1%81%D1%82,ООО Финстарлабс,100000,130000,руб,hh.ru
122,Ведущий/Старший программист (.Net C# Developer),https://sergievposad.hh.ru/vacancy/33952798?query=%D0%BF%D1%80%D0%BE%D0%B3%D1%80%D0%B0%D0%BC%D0%BC%D0%B8%D1%81%D1%82, Федеральная нотариальная палата,150000,220000,руб,hh.ru
123,Программист С++,https://sergievposad.hh.ru/vacancy/33483197?query=%D0%BF%D1%80%D0%BE%D0%B3%D1%80%D0%B0%D0%BC%D0%BC%D0%B8%D1%81%D1%82, ЮРИОН,90000,110000,руб,hh.ru
124,Backend разработчик (.NET),https://sergievposad.hh.ru/vacancy/34099140?query=%D0%BF%D1%80%D0%BE%D0%B3%D1%80%D0%B0%D0%BC%D0%BC%D0%B8%D1%81%D1%82," АйТи Гео, ООО (IT GEO)",150000,170000,руб,hh.ru
125,Программист 1С,https://sergievposad.hh.ru/vacancy/33950657?query=%D0%BF%D1%80%D0%BE%D0%B3%D1%80%D0%B0%D0%BC%D0%BC%D0%B8%D1%81%D1%82,ООО Оптзапчасть,,130000,руб,hh.ru
126,Разработчик C# (full stack),https://sergievposad.hh.ru/vacancy/33789174?query=%D0%BF%D1%80%D0%BE%D0%B3%D1%80%D0%B0%D0%BC%D0%BC%D0%B8%D1%81%D1%82,ООО ШоуДжет,150000,,руб,hh.ru
127,Unity3D C# Developer (Разработчик Unity3D),https://sergievposad.hh.ru/vacancy/33889548?query=%D0%BF%D1%80%D0%BE%D0%B3%D1%80%D0%B0%D0%BC%D0%BC%D0%B8%D1%81%D1%82, Hello Computer,80000,,руб,hh.ru
128,Программист 1C,https://sergievposad.hh.ru/vacancy/33790333?query=%D0%BF%D1%80%D0%BE%D0%B3%D1%80%D0%B0%D0%BC%D0%BC%D0%B8%D1%81%D1%82,ООО МФК Займ Онлайн,,,,hh.ru
129,PHP-программист,https://sergievposad.hh.ru/vacancy/34078398?query=%D0%BF%D1%80%D0%BE%D0%B3%D1%80%D0%B0%D0%BC%D0%BC%D0%B8%D1%81%D1%82, Петров Андрей,60000,90000,руб,hh.ru
130,Программист 1С8,https://sergievposad.hh.ru/vacancy/34169648?query=%D0%BF%D1%80%D0%BE%D0%B3%D1%80%D0%B0%D0%BC%D0%BC%D0%B8%D1%81%D1%82, Вартон,100000,,руб,hh.ru
131,Разработчик Битрикс24,https://sergievposad.hh.ru/vacancy/33881881?query=%D0%BF%D1%80%D0%BE%D0%B3%D1%80%D0%B0%D0%BC%D0%BC%D0%B8%D1%81%D1%82, JCat.ru,60000,95000,руб,hh.ru
132,Программист 1С,https://sergievposad.hh.ru/vacancy/34240468?query=%D0%BF%D1%80%D0%BE%D0%B3%D1%80%D0%B0%D0%BC%D0%BC%D0%B8%D1%81%D1%82,ООО ЛОГОПЕР,150000,,руб,hh.ru
133,Программист встраиваемых систем C++,https://sergievposad.hh.ru/vacancy/33747935?query=%D0%BF%D1%80%D0%BE%D0%B3%D1%80%D0%B0%D0%BC%D0%BC%D0%B8%D1%81%D1%82,ООО ЭИР ЛАБС РУС,150000,230000,руб,hh.ru
134,PHP-программист/Front Vue.js,https://sergievposad.hh.ru/vacancy/34067583?query=%D0%BF%D1%80%D0%BE%D0%B3%D1%80%D0%B0%D0%BC%D0%BC%D0%B8%D1%81%D1%82,ООО Флекскор,60000,150000,руб,hh.ru
135,"Front-end программист, Web-программист",https://sergievposad.hh.ru/vacancy/33760811?query=%D0%BF%D1%80%D0%BE%D0%B3%D1%80%D0%B0%D0%BC%D0%BC%D0%B8%D1%81%D1%82,ООО ПРАЙСИВА,80000,100000,руб,hh.ru
136,Программист 1С / разработчик 1С,https://sergievposad.hh.ru/vacancy/34225297?query=%D0%BF%D1%80%D0%BE%D0%B3%D1%80%D0%B0%D0%BC%D0%BC%D0%B8%D1%81%D1%82, Спецэнерготранс,150000,,руб,hh.ru
137,PHP программист,https://sergievposad.hh.ru/vacancy/32924154?query=%D0%BF%D1%80%D0%BE%D0%B3%D1%80%D0%B0%D0%BC%D0%BC%D0%B8%D1%81%D1%82, АНО ДПО ИПК ТЕХНОПРОГРЕСС,80000,140000,руб,hh.ru
138,Java/Kotlin Developer,https://sergievposad.hh.ru/vacancy/33780766?query=%D0%BF%D1%80%D0%BE%D0%B3%D1%80%D0%B0%D0%BC%D0%BC%D0%B8%D1%81%D1%82, FunCorp,180000,250000,руб,hh.ru
139,Программист микроконтроллеров,https://sergievposad.hh.ru/vacancy/33855392?query=%D0%BF%D1%80%D0%BE%D0%B3%D1%80%D0%B0%D0%BC%D0%BC%D0%B8%D1%81%D1%82,ООО СРП,100000,110000,руб,hh.ru
140,PHP-программист Laravel,https://sergievposad.hh.ru/vacancy/34027279?query=%D0%BF%D1%80%D0%BE%D0%B3%D1%80%D0%B0%D0%BC%D0%BC%D0%B8%D1%81%D1%82,ООО Вилмари,90000,110000,руб,hh.ru
141,Front-end разработчик (Senior),https://sergievposad.hh.ru/vacancy/34202529?query=%D0%BF%D1%80%D0%BE%D0%B3%D1%80%D0%B0%D0%BC%D0%BC%D0%B8%D1%81%D1%82, Foundook,,250000,руб,hh.ru
142,PHP-программист (laravel),https://sergievposad.hh.ru/vacancy/34287185?query=%D0%BF%D1%80%D0%BE%D0%B3%D1%80%D0%B0%D0%BC%D0%BC%D0%B8%D1%81%D1%82, Дуотек,80000,120000,руб,hh.ru
143,Программист- разработчик 1C,https://sergievposad.hh.ru/vacancy/33948378?query=%D0%BF%D1%80%D0%BE%D0%B3%D1%80%D0%B0%D0%BC%D0%BC%D0%B8%D1%81%D1%82, ЕТС груп,120000,,руб,hh.ru
144,Программист PHP,https://sergievposad.hh.ru/vacancy/33785316?query=%D0%BF%D1%80%D0%BE%D0%B3%D1%80%D0%B0%D0%BC%D0%BC%D0%B8%D1%81%D1%82,ООО Компания ИнфоТек,120000,,руб,hh.ru
145,Web-программист,https://sergievposad.hh.ru/vacancy/33511592?query=%D0%BF%D1%80%D0%BE%D0%B3%D1%80%D0%B0%D0%BC%D0%BC%D0%B8%D1%81%D1%82,ООО ДокЛаб,,120000,руб,hh.ru
146,Junior разработчик БД MS SQL,https://sergievposad.hh.ru/vacancy/34146317?query=%D0%BF%D1%80%D0%BE%D0%B3%D1%80%D0%B0%D0%BC%D0%BC%D0%B8%D1%81%D1%82, Бионика,60000,80000,руб,hh.ru
147,Backend- разработчик Node.js,https://sergievposad.hh.ru/vacancy/33878440?query=%D0%BF%D1%80%D0%BE%D0%B3%D1%80%D0%B0%D0%BC%D0%BC%D0%B8%D1%81%D1%82,ИП ПризываНет.ру,150000,,руб,hh.ru
148,Прикладной программист / разработчик SQL,https://sergievposad.hh.ru/vacancy/34185877?query=%D0%BF%D1%80%D0%BE%D0%B3%D1%80%D0%B0%D0%BC%D0%BC%D0%B8%D1%81%D1%82, Группа компаний Интерин,120000,150000,руб,hh.ru
149,Программист-аналитик VBA,https://sergievposad.hh.ru/vacancy/34094149?query=%D0%BF%D1%80%D0%BE%D0%B3%D1%80%D0%B0%D0%BC%D0%BC%D0%B8%D1%81%D1%82, ФинГрад,,100000,руб,hh.ru
150,Программист PHP,https://sergievposad.hh.ru/vacancy/33864976?query=%D0%BF%D1%80%D0%BE%D0%B3%D1%80%D0%B0%D0%BC%D0%BC%D0%B8%D1%81%D1%82,ООО Филанко,100000,150000,руб,hh.ru
151,Программист,https://sergievposad.hh.ru/vacancy/34027247?query=%D0%BF%D1%80%D0%BE%D0%B3%D1%80%D0%B0%D0%BC%D0%BC%D0%B8%D1%81%D1%82,ООО ЕВРОЛОГИСТИКА,,,,hh.ru
152,Программист-разработчик (SQL),https://sergievposad.hh.ru/vacancy/33838185?query=%D0%BF%D1%80%D0%BE%D0%B3%D1%80%D0%B0%D0%BC%D0%BC%D0%B8%D1%81%D1%82, Business Solutions Consulting,,120000,руб,hh.ru
153,ASP.NET Developer (MVC),https://sergievposad.hh.ru/vacancy/33744101?query=%D0%BF%D1%80%D0%BE%D0%B3%D1%80%D0%B0%D0%BC%D0%BC%D0%B8%D1%81%D1%82, Элемент 5,130000,,руб,hh.ru
154,Программист С++,https://sergievposad.hh.ru/vacancy/33759919?query=%D0%BF%D1%80%D0%BE%D0%B3%D1%80%D0%B0%D0%BC%D0%BC%D0%B8%D1%81%D1%82,АО Радар ММС,,,,hh.ru
155,Программист,https://sergievposad.hh.ru/vacancy/33753614?query=%D0%BF%D1%80%D0%BE%D0%B3%D1%80%D0%B0%D0%BC%D0%BC%D0%B8%D1%81%D1%82,ООО Юридический Консалтинг,70000,,руб,hh.ru
156,PHP-программист,https://sergievposad.hh.ru/vacancy/34137277?query=%D0%BF%D1%80%D0%BE%D0%B3%D1%80%D0%B0%D0%BC%D0%BC%D0%B8%D1%81%D1%82, Design Lab,40000,60000,руб,hh.ru
157,IOS разработчик Swift,https://sergievposad.hh.ru/vacancy/34043898?query=%D0%BF%D1%80%D0%BE%D0%B3%D1%80%D0%B0%D0%BC%D0%BC%D0%B8%D1%81%D1%82,ООО Объединенные Беспроводные Технологии,130000,150000,руб,hh.ru
158,Разработчик C++ (Qt),https://sergievposad.hh.ru/vacancy/34160544?query=%D0%BF%D1%80%D0%BE%D0%B3%D1%80%D0%B0%D0%BC%D0%BC%D0%B8%D1%81%D1%82,ООО Новотранс Актив,200000,230000,руб,hh.ru
159,Стажер-программист 1С,https://sergievposad.hh.ru/vacancy/33865892?query=%D0%BF%D1%80%D0%BE%D0%B3%D1%80%D0%B0%D0%BC%D0%BC%D0%B8%D1%81%D1%82,ООО АМ-ГРУПП,,,,hh.ru
160,Программист-верстальщик,https://sergievposad.hh.ru/vacancy/33864393?query=%D0%BF%D1%80%D0%BE%D0%B3%D1%80%D0%B0%D0%BC%D0%BC%D0%B8%D1%81%D1%82,ИП Козьмин Петр Петрович,60000,,руб,hh.ru
161,Программист С++,https://sergievposad.hh.ru/vacancy/33737957?query=%D0%BF%D1%80%D0%BE%D0%B3%D1%80%D0%B0%D0%BC%D0%BC%D0%B8%D1%81%D1%82," Эверис, Представительство",120000,,руб,hh.ru
162,Программист С++,https://sergievposad.hh.ru/vacancy/34083309?query=%D0%BF%D1%80%D0%BE%D0%B3%D1%80%D0%B0%D0%BC%D0%BC%D0%B8%D1%81%D1%82,ОАО НИИТКД,,200000,руб,hh.ru
163,Team Lead / Senior Developer (iOS/Swift),https://sergievposad.hh.ru/vacancy/33788345?query=%D0%BF%D1%80%D0%BE%D0%B3%D1%80%D0%B0%D0%BC%D0%BC%D0%B8%D1%81%D1%82, AppQuantum,300000,,руб,hh.ru
164,Программист-стажер 1С,https://sergievposad.hh.ru/vacancy/33910347?query=%D0%BF%D1%80%D0%BE%D0%B3%D1%80%D0%B0%D0%BC%D0%BC%D0%B8%D1%81%D1%82,ООО Инокспоинт Групп,30000,40000,руб,hh.ru
165,Программист,https://sergievposad.hh.ru/vacancy/34249886?query=%D0%BF%D1%80%D0%BE%D0%B3%D1%80%D0%B0%D0%BC%D0%BC%D0%B8%D1%81%D1%82, Филиал «Юго-Восточный» ООО «Антей»,150000,200000,руб,hh.ru
166,Ведущий разработчик .NET Core/C#,https://sergievposad.hh.ru/vacancy/34262772?query=%D0%BF%D1%80%D0%BE%D0%B3%D1%80%D0%B0%D0%BC%D0%BC%D0%B8%D1%81%D1%82,ООО Катюша Ай Ти,180000,,руб,hh.ru
167,Front-end разработчик,https://sergievposad.hh.ru/vacancy/34104578?query=%D0%BF%D1%80%D0%BE%D0%B3%D1%80%D0%B0%D0%BC%D0%BC%D0%B8%D1%81%D1%82,ООО Кредитные Системы,80000,150000,руб,hh.ru
168,Junior ASP.NET+C# Developer,https://sergievposad.hh.ru/vacancy/34224543?query=%D0%BF%D1%80%D0%BE%D0%B3%D1%80%D0%B0%D0%BC%D0%BC%D0%B8%D1%81%D1%82,ООО Смарт-ком,,70000,руб,hh.ru
169,Программист станков с ЧПУ,https://sergievposad.hh.ru/vacancy/34016761?query=%D0%BF%D1%80%D0%BE%D0%B3%D1%80%D0%B0%D0%BC%D0%BC%D0%B8%D1%81%D1%82,ООО ТПК Аргус-НВ,60000,60000,руб,hh.ru
170,HTML-верстальщик / junior Frontend - программист,https://sergievposad.hh.ru/vacancy/34285767?query=%D0%BF%D1%80%D0%BE%D0%B3%D1%80%D0%B0%D0%BC%D0%BC%D0%B8%D1%81%D1%82,ООО Бизнес партнер,75000,,руб,hh.ru
171,PHP программист,https://sergievposad.hh.ru/vacancy/33928844?query=%D0%BF%D1%80%D0%BE%D0%B3%D1%80%D0%B0%D0%BC%D0%BC%D0%B8%D1%81%D1%82,ООО АРКВИЖН,40000,50000,руб,hh.ru
172,Фронтенд разработчик в блокчейн компанию,https://sergievposad.hh.ru/vacancy/33814609?query=%D0%BF%D1%80%D0%BE%D0%B3%D1%80%D0%B0%D0%BC%D0%BC%D0%B8%D1%81%D1%82," Endpass, Inc",120000,180000,руб,hh.ru
173,Программист,https://sergievposad.hh.ru/vacancy/34263747?query=%D0%BF%D1%80%D0%BE%D0%B3%D1%80%D0%B0%D0%BC%D0%BC%D0%B8%D1%81%D1%82,ЗАО ТЕРМИКА,,,,hh.ru
174,Программист 1С,https://sergievposad.hh.ru/vacancy/34028036?query=%D0%BF%D1%80%D0%BE%D0%B3%D1%80%D0%B0%D0%BC%D0%BC%D0%B8%D1%81%D1%82,ООО Спортмарафон,100000,150000,руб,hh.ru
175,Программист 1С,https://sergievposad.hh.ru/vacancy/34275755?query=%D0%BF%D1%80%D0%BE%D0%B3%D1%80%D0%B0%D0%BC%D0%BC%D0%B8%D1%81%D1%82,ООО Форторг,120000,150000,руб,hh.ru
176,Программист Delphi,https://sergievposad.hh.ru/vacancy/34103899?query=%D0%BF%D1%80%D0%BE%D0%B3%D1%80%D0%B0%D0%BC%D0%BC%D0%B8%D1%81%D1%82,АО МЦ-Сервис Инжиниринг,110000,130000,руб,hh.ru
177,Разработчик Python Backend,https://sergievposad.hh.ru/vacancy/34210548?query=%D0%BF%D1%80%D0%BE%D0%B3%D1%80%D0%B0%D0%BC%D0%BC%D0%B8%D1%81%D1%82, Web Interactive World,150000,,руб,hh.ru
178,Программист С#,https://sergievposad.hh.ru/vacancy/34083306?query=%D0%BF%D1%80%D0%BE%D0%B3%D1%80%D0%B0%D0%BC%D0%BC%D0%B8%D1%81%D1%82,ОАО НИИТКД,,200000,руб,hh.ru
179,Программист-разработчик,https://sergievposad.hh.ru/vacancy/34167697?query=%D0%BF%D1%80%D0%BE%D0%B3%D1%80%D0%B0%D0%BC%D0%BC%D0%B8%D1%81%D1%82,ООО Софтлоджик Рус,70000,100000,руб,hh.ru
180,Программист C++,https://sergievposad.hh.ru/vacancy/34214819?query=%D0%BF%D1%80%D0%BE%D0%B3%D1%80%D0%B0%D0%BC%D0%BC%D0%B8%D1%81%D1%82,ООО СКБ ПОТОК,75000,120000,руб,hh.ru
181,Программист,https://sergievposad.hh.ru/vacancy/33250171?query=%D0%BF%D1%80%D0%BE%D0%B3%D1%80%D0%B0%D0%BC%D0%BC%D0%B8%D1%81%D1%82, 169,80000,,руб,hh.ru
182,Программист PHP,https://sergievposad.hh.ru/vacancy/33949159?query=%D0%BF%D1%80%D0%BE%D0%B3%D1%80%D0%B0%D0%BC%D0%BC%D0%B8%D1%81%D1%82,ИП Королев Максим Геннадьевич ,100000,150000,руб,hh.ru
183,Angular Фронт-Энд Разработчик / Angular Front-End Developer Norway,https://sergievposad.hh.ru/vacancy/33940799?query=%D0%BF%D1%80%D0%BE%D0%B3%D1%80%D0%B0%D0%BC%D0%BC%D0%B8%D1%81%D1%82,ООО PaleBlue,200000,300000,руб,hh.ru
184,Программист,https://sergievposad.hh.ru/vacancy/30356340?query=%D0%BF%D1%80%D0%BE%D0%B3%D1%80%D0%B0%D0%BC%D0%BC%D0%B8%D1%81%D1%82, Pac Group,,200000,руб,hh.ru
185,Программист,https://sergievposad.hh.ru/vacancy/33477540?query=%D0%BF%D1%80%D0%BE%D0%B3%D1%80%D0%B0%D0%BC%D0%BC%D0%B8%D1%81%D1%82,ООО ДАНТЕКС ТРЕЙД,,,,hh.ru
186,Программист С++,https://sergievposad.hh.ru/vacancy/33514106?query=%D0%BF%D1%80%D0%BE%D0%B3%D1%80%D0%B0%D0%BC%D0%BC%D0%B8%D1%81%D1%82, МСК БЛ ГРУПП,,150000,руб,hh.ru
187,Fullstack Программист (С#),https://sergievposad.hh.ru/vacancy/33497430?query=%D0%BF%D1%80%D0%BE%D0%B3%D1%80%D0%B0%D0%BC%D0%BC%D0%B8%D1%81%D1%82, 1001 Тур,,140000,руб,hh.ru
188,1С программист-консультант,https://sergievposad.hh.ru/vacancy/34077513?query=%D0%BF%D1%80%D0%BE%D0%B3%D1%80%D0%B0%D0%BC%D0%BC%D0%B8%D1%81%D1%82,ООО Первый вариант,120000,,руб,hh.ru
189,SQL-программист,https://sergievposad.hh.ru/vacancy/34140830?query=%D0%BF%D1%80%D0%BE%D0%B3%D1%80%D0%B0%D0%BC%D0%BC%D0%B8%D1%81%D1%82, ТракМоторс,,,,hh.ru
190,Программист/Разработчик C++,https://sergievposad.hh.ru/vacancy/34028863?query=%D0%BF%D1%80%D0%BE%D0%B3%D1%80%D0%B0%D0%BC%D0%BC%D0%B8%D1%81%D1%82, OOO PSI,100000,200000,руб,hh.ru
191,Golang разработчик,https://sergievposad.hh.ru/vacancy/34275241?query=%D0%BF%D1%80%D0%BE%D0%B3%D1%80%D0%B0%D0%BC%D0%BC%D0%B8%D1%81%D1%82, Rentateam,120000,170000,руб,hh.ru
192,Веб-разработчик,https://sergievposad.hh.ru/vacancy/33932812?query=%D0%BF%D1%80%D0%BE%D0%B3%D1%80%D0%B0%D0%BC%D0%BC%D0%B8%D1%81%D1%82, NeoCommunications,70000,100000,руб,hh.ru
193,Инженер-разработчик C#,https://sergievposad.hh.ru/vacancy/34007418?query=%D0%BF%D1%80%D0%BE%D0%B3%D1%80%D0%B0%D0%BC%D0%BC%D0%B8%D1%81%D1%82, Detego,150000,180000,руб,hh.ru
194,Fullstack разработчик (python),https://sergievposad.hh.ru/vacancy/33160373?query=%D0%BF%D1%80%D0%BE%D0%B3%D1%80%D0%B0%D0%BC%D0%BC%D0%B8%D1%81%D1%82,ООО Сенсориум Корпорейшн Москва,180000,,руб,hh.ru
195,".NET Developer, Backend (Senior)",https://sergievposad.hh.ru/vacancy/34076339?query=%D0%BF%D1%80%D0%BE%D0%B3%D1%80%D0%B0%D0%BC%D0%BC%D0%B8%D1%81%D1%82, Доктор на работе,170000,,руб,hh.ru
196,Backend-разработчик (Node.js),https://sergievposad.hh.ru/vacancy/34134783?query=%D0%BF%D1%80%D0%BE%D0%B3%D1%80%D0%B0%D0%BC%D0%BC%D0%B8%D1%81%D1%82, Affiliate Control,180000,,руб,hh.ru
197,"Разработчик PHP, Yii2, Angular (Fullstack)",https://sergievposad.hh.ru/vacancy/34242816?query=%D0%BF%D1%80%D0%BE%D0%B3%D1%80%D0%B0%D0%BC%D0%BC%D0%B8%D1%81%D1%82, Эшелон 960,90000,120000,руб,hh.ru
198,Backend разработчик (.NET),https://sergievposad.hh.ru/vacancy/34186789?query=%D0%BF%D1%80%D0%BE%D0%B3%D1%80%D0%B0%D0%BC%D0%BC%D0%B8%D1%81%D1%82," Эверис, Представительство",150000,260000,руб,hh.ru
199,Программист С#,https://sergievposad.hh.ru/vacancy/33786636?query=%D0%BF%D1%80%D0%BE%D0%B3%D1%80%D0%B0%D0%BC%D0%BC%D0%B8%D1%81%D1%82,ООО Асклепиус,,,,hh.ru
